{
  "builtInLibrariesFolders": "C:\\Users\\HP\\Desktop\\TRduino\\TRduino\\libraries",
  "customBuildProperties": "build.warn_data_percentage=75,runtime.tools.avr-gcc.path=C:\\Users\\HP\\Desktop\\TRduino\\TRduino\\hardware\\tools\\avr,runtime.tools.avrdude.path=C:\\Users\\HP\\Desktop\\TRduino\\TRduino\\hardware\\tools\\avr,runtime.tools.arduinoOTA.path=C:\\Users\\HP\\Desktop\\TRduino\\TRduino\\hardware\\tools\\avr",
  "fqbn": "arduino:avr:nano:cpu=atmega328",
  "hardwareFolders": "C:\\Users\\HP\\Desktop\\TRduino\\TRduino\\hardware",
  "otherLibrariesFolders": "",
  "runtime.ide.version": "10600",
  "sketchLocation": "C:\\Users\\HP\\Desktop\\TRduino\\ArduAhmetTemp\\ArduAhmetTemp.ino",
  "toolsFolders": "C:\\Users\\HP\\Desktop\\TRduino\\TRduino\\tools-builder,C:\\Users\\HP\\Desktop\\TRduino\\TRduino\\hardware\\tools\\avr"
}